porosity,perm_contrast,oil_water_viscosity_ratio,injection_rate,breakthrough_pv,cumulative_oil_pv,terminal_watercut
0.233707,0.458943,4.747730,1.370324,16.280824,22.080000,1.000000
0.208778,0.677069,7.599418,0.807779,27.618937,22.080000,1.000000
0.171046,0.416515,4.548761,1.378791,16.180845,22.080000,1.000000
0.252848,0.831991,8.281180,0.633652,35.208602,22.080000,1.000000
0.314508,0.239980,9.916380,1.166532,19.125058,22.080000,1.000000
0.266509,0.403781,5.369119,1.425217,15.653752,22.080000,1.000000
0.250481,0.958368,4.550425,0.844166,26.428441,22.080000,1.000000
0.219214,0.996961,5.328095,1.054747,21.151989,22.080000,1.000000
0.214255,0.746663,3.377447,1.036423,21.525957,22.080000,1.000000
0.289119,0.260736,7.384927,0.896605,24.882742,22.080000,1.000000
0.207273,0.894406,2.813474,1.068657,20.876671,22.080000,1.000000
0.237211,0.143227,6.167721,1.442289,15.468465,22.080000,1.000000
0.236162,0.864729,11.330136,0.865954,25.763508,22.080000,1.000000
0.225025,0.098051,6.513398,0.764869,29.168381,22.080000,1.000000
0.176884,0.294062,6.567841,1.376701,16.205409,22.080000,1.000000
0.269981,0.346043,6.555885,0.741988,30.067867,22.080000,1.000000
0.170778,0.441229,8.382108,1.017171,21.933386,22.080000,1.000000
0.215913,0.444059,11.778183,1.208583,18.459627,22.080000,1.000000
0.252418,0.803789,9.286215,0.969522,23.011334,22.080000,1.000000
0.183094,0.802709,5.271758,0.856968,26.033631,22.080000,1.000000
0.164201,0.939542,5.624239,1.152290,19.361439,22.080000,1.000000
0.272646,0.053339,1.674261,1.163535,19.174322,22.080000,1.000000
0.264557,0.879356,5.963675,1.146280,19.462964,22.080000,1.000000
0.257673,0.745613,11.984736,0.703869,31.696241,22.080000,1.000000
0.196018,0.742597,2.655302,0.758201,29.424905,22.080000,1.000000
0.313363,0.549789,9.994898,0.609886,36.580619,22.080000,1.000000
0.277734,0.194301,11.494469,0.947190,23.553875,22.080000,1.000000
0.310825,0.293319,10.208037,1.057212,21.102666,22.080000,1.000000
0.282649,0.703228,5.258801,0.759712,29.366380,22.080000,1.000000
0.307867,0.417542,10.988098,0.661785,33.711862,22.080000,1.000000
0.164997,0.647276,8.542347,0.867787,25.709066,22.080000,1.000000
0.176670,0.474846,3.002626,0.731964,30.479659,22.080000,1.000000
0.290827,0.393853,6.509551,1.191167,18.729526,22.080000,1.000000
0.297403,0.642208,3.557812,0.877639,25.420475,22.080000,1.000000
0.240591,0.930934,3.276570,0.561795,39.712020,22.080000,1.000000
0.207460,0.468521,3.817317,1.310298,17.026661,22.080000,1.000000
0.277709,0.450204,11.266757,0.817147,27.302310,22.080000,1.000000
0.256552,0.881441,2.927434,1.111887,20.064984,22.080000,1.000000
0.292874,0.725325,9.882864,1.428725,15.615318,22.080000,1.000000
0.313153,0.248895,8.700538,1.039799,21.456060,22.080000,1.000000
0.268633,0.457078,3.379522,1.016095,21.956603,22.080000,1.000000
0.213313,0.384589,3.177161,0.935367,23.851593,22.080000,1.000000
0.255933,0.682593,3.317495,1.295423,17.222170,22.080000,1.000000
0.248583,0.193056,3.448627,0.964857,23.122605,22.080000,1.000000
0.163261,0.147648,4.460041,1.426998,15.634218,22.080000,1.000000
0.207625,0.852034,10.594212,1.427661,15.626957,22.080000,1.000000
0.300218,0.826226,10.222401,0.670444,33.276437,22.080000,1.000000
0.227034,0.122277,6.779349,1.392722,16.018986,22.080000,1.000000
0.221353,0.330426,7.505580,0.962372,23.182306,22.080000,1.000000
0.268419,0.064373,2.586664,0.709809,31.431002,22.080000,1.000000
0.167205,0.768938,7.523163,1.070392,20.842823,22.080000,1.000000
0.264084,0.756031,3.033423,1.221868,18.258935,22.080000,1.000000
0.291499,0.635046,5.778155,1.041602,21.418925,22.080000,1.000000
0.274881,0.312079,2.718892,1.012577,22.032897,22.080000,1.000000
0.299638,0.572945,6.591452,0.938196,23.779670,22.080000,1.000000
0.268336,0.150401,11.898491,1.139981,19.570499,22.080000,1.000000
0.179218,0.549039,11.755296,1.023786,21.791673,22.080000,1.000000
0.190710,0.704238,2.799389,1.274022,17.511471,22.080000,1.000000
0.257018,0.068102,2.851785,0.597784,37.321142,22.080000,1.000000
0.315648,0.159020,3.697512,0.921057,24.222170,22.080000,1.000000
0.210054,0.391630,11.208546,0.972350,22.944422,22.080000,1.000000
0.219578,0.910443,2.223535,1.304774,17.098745,22.080000,1.000000
0.248109,0.618185,10.735340,1.076964,20.715651,22.080000,1.000000
0.295524,0.061073,7.719534,1.074383,20.765414,22.080000,1.000000
0.253336,0.339873,10.679788,0.674260,33.088151,22.080000,1.000000
0.214571,0.242212,2.257277,1.263815,17.652894,22.080000,1.000000
0.278911,0.798601,1.598511,0.949164,23.504899,22.080000,1.000000
0.303724,0.893136,6.189722,1.002473,22.254962,22.080000,1.000000
0.245198,0.415982,11.294522,1.394240,16.001554,22.080000,1.000000
0.224203,0.235987,10.179527,1.294210,17.238318,22.080000,1.000000
0.271099,0.975530,2.509943,1.361683,16.384140,22.080000,1.000000
0.265115,0.589201,11.513224,1.029162,21.677827,22.080000,1.000000
0.205941,0.208701,2.049152,1.411567,15.805131,22.080000,1.000000
0.168794,0.300388,8.301853,1.279914,17.430857,22.080000,1.000000
0.201888,0.612245,2.987112,0.822366,27.129053,22.080000,1.000000
0.164448,0.343928,5.353398,1.411211,15.809120,22.080000,1.000000
0.234876,0.104453,7.335266,1.005369,22.190852,22.080000,1.000000
0.243070,0.066734,8.169055,1.041567,21.419658,22.080000,1.000000
0.182003,0.544376,3.735499,0.856692,26.042025,22.080000,1.000000
0.279216,0.205594,11.993044,1.109187,20.113831,22.080000,1.000000
0.244441,0.931088,9.753528,0.667170,33.439772,22.080000,1.000000
0.193462,0.471758,3.466836,1.011988,22.045718,22.080000,1.000000
0.263298,0.562553,2.665939,1.098134,20.316283,22.080000,1.000000
0.293167,0.782684,6.635663,1.182513,18.866594,22.080000,1.000000
0.180104,0.600299,10.095487,1.264773,17.639529,22.080000,1.000000
0.194980,0.571894,7.894133,1.166123,19.131780,22.080000,1.000000
0.212520,0.844506,11.425910,1.070105,20.848426,22.080000,1.000000
0.318606,0.734686,4.974736,0.783445,28.476806,22.080000,1.000000
0.239716,0.815203,2.678373,1.306454,17.076754,22.080000,1.000000
0.310251,0.979399,6.185331,1.366409,16.327466,22.080000,1.000000
0.263344,0.151998,1.953810,0.824691,27.052562,22.080000,1.000000
0.257073,0.264148,6.058647,1.386373,16.092352,22.080000,1.000000
0.279973,0.426250,8.983730,1.082503,20.609638,22.080000,1.000000
0.257869,0.886005,2.649043,1.275407,17.492461,22.080000,1.000000
0.291657,0.885672,4.189965,0.824900,27.045694,22.080000,1.000000
0.280641,0.857997,6.110309,0.735651,30.326879,22.080000,1.000000
0.306041,0.982388,9.217516,0.618209,36.088147,22.080000,1.000000
0.234731,0.449880,7.070642,1.389921,16.051275,22.080000,1.000000
0.162904,0.486896,5.788709,0.983361,22.687499,22.080000,1.000000
0.234559,0.849746,8.140779,0.842617,26.477027,22.080000,1.000000
0.192522,0.066374,10.052497,0.635787,35.090351,22.080000,1.000000
0.245716,0.638626,6.503319,1.271311,17.548807,22.080000,1.000000
0.319586,0.652488,7.872606,1.144914,19.486173,22.080000,1.000000
0.249040,0.235129,8.408480,1.315510,16.959204,22.080000,1.000000
0.300937,0.581544,8.824588,1.099001,20.300258,22.080000,1.000000
0.234500,0.266743,11.450492,0.611665,36.474184,22.080000,1.000000
0.248636,0.227921,8.729024,1.158383,19.259604,22.080000,1.000000
0.259724,0.671711,4.444264,0.551598,40.446125,22.080000,1.000000
0.219821,0.860105,5.543678,1.061280,21.021777,22.080000,1.000000
0.303987,0.614284,11.804163,1.353737,16.480304,22.080000,1.000000
0.203436,0.364159,2.357640,0.826231,27.002136,22.080000,1.000000
0.209338,0.887606,11.682664,1.050793,21.231594,22.080000,1.000000
0.204293,0.416324,4.276129,1.198617,18.613125,22.080000,1.000000
0.286743,0.067765,6.925380,0.828653,26.923203,22.080000,1.000000
0.245520,0.416061,1.582251,1.066840,20.912226,22.080000,1.000000
0.297205,0.837059,3.655972,1.173763,19.007241,22.080000,1.000000
0.241670,0.061526,6.804827,0.634206,35.177823,22.080000,1.000000
0.219128,0.814176,8.898367,0.985372,22.641201,22.080000,1.000000
0.313750,0.116018,6.486511,1.368746,16.299592,22.080000,1.000000
0.198751,0.961144,4.884137,0.970295,22.992997,22.080000,1.000000
0.242654,0.713064,3.073952,1.445431,15.434844,22.080000,1.000000
0.293517,0.578862,1.535034,0.671274,33.235308,22.080000,1.000000
0.180809,0.829781,4.288774,1.010333,22.081826,22.080000,1.000000
0.172756,0.982625,4.822033,1.362062,16.379576,22.080000,1.000000
0.307037,0.674780,11.663224,1.087758,20.510070,22.080000,1.000000
0.296505,0.231367,5.864785,1.007612,22.141462,22.080000,1.000000
0.301339,0.435882,9.403095,1.376848,16.203681,22.080000,1.000000
0.169156,0.906208,7.506495,1.324224,16.847604,22.080000,1.000000
0.200024,0.180998,2.750566,1.215714,18.351348,22.080000,1.000000
0.171232,0.674866,10.441603,0.713371,31.274051,22.080000,1.000000
0.184445,0.421703,11.160096,1.012015,22.045122,22.080000,1.000000
0.174532,0.389123,4.796299,0.696856,32.015220,22.080000,1.000000
0.247040,0.707612,2.094269,1.045097,21.347304,22.080000,1.000000
0.309028,0.397630,5.953155,1.213054,18.391603,22.080000,1.000000
0.249157,0.133574,6.889123,1.054064,21.165706,22.080000,1.000000
0.283583,0.740760,10.377058,1.127463,19.787781,22.080000,1.000000
0.300443,0.399049,3.546479,0.798067,27.955039,22.080000,1.000000
0.285853,0.322786,9.427844,1.292212,17.264970,22.080000,1.000000
0.234794,0.636118,9.319161,1.437449,15.520555,22.080000,1.000000
0.291389,0.708972,5.193561,0.880231,25.345634,22.080000,1.000000
0.223358,0.453906,10.957823,0.899195,24.811072,22.080000,1.000000
0.207018,0.137942,3.016019,0.853431,26.141525,22.080000,1.000000
0.222399,0.830750,6.866911,0.586427,38.043948,22.080000,1.000000
0.284337,0.681368,10.448107,0.552502,40.379922,22.080000,1.000000
0.232643,0.137839,8.645992,1.017516,21.925939,22.080000,1.000000
0.223779,0.772548,7.853492,1.072543,20.801022,22.080000,1.000000
0.306126,0.895733,2.233454,1.387437,16.080012,22.080000,1.000000
0.246508,0.124272,7.902266,1.076545,20.723700,22.080000,1.000000
0.284117,0.910430,10.691997,1.098650,20.306735,22.080000,1.000000
0.302871,0.553859,4.755036,0.906281,24.617090,22.080000,1.000000
0.232784,0.294327,4.835585,0.835437,26.704589,22.080000,1.000000
0.236940,0.232593,7.945375,0.639042,34.911608,22.080000,1.000000
0.258418,0.616588,10.691923,1.339960,16.649748,22.080000,1.000000
0.234855,0.749175,4.278182,0.902617,24.717016,22.080000,1.000000
0.235062,0.844801,10.282574,0.726156,30.723430,22.080000,1.000000
0.306908,0.773198,4.392682,1.308833,17.045716,22.080000,1.000000
0.312852,0.337906,10.398036,0.950421,23.473816,22.080000,1.000000
0.305635,0.277582,10.061307,0.604674,36.895895,22.080000,1.000000
0.162803,0.883190,10.251900,1.418979,15.722575,22.080000,1.000000
0.231940,0.955260,4.818011,0.684283,32.603461,22.080000,1.000000
0.252082,0.722381,6.526010,1.053465,21.177734,22.080000,1.000000
0.237944,0.870165,3.882901,1.391768,16.029965,22.080000,1.000000
0.288437,0.908947,11.417654,1.080056,20.656334,22.080000,1.000000
0.302079,0.453479,6.485923,0.581393,38.373359,22.080000,1.000000
0.169400,0.501037,11.459701,0.612576,36.419959,22.080000,1.000000
0.310817,0.877646,7.151145,0.991600,22.498993,22.080000,1.000000
0.317563,0.731198,6.055175,1.380948,16.155568,22.080000,1.000000
0.187313,0.377111,6.240622,0.552462,40.382874,22.080000,1.000000
0.202166,0.336027,1.819698,0.642660,34.715104,22.080000,1.000000
0.201953,0.479369,1.538485,0.664520,33.573123,22.080000,1.000000
0.302587,0.935720,9.219905,1.444905,15.440462,22.080000,1.000000
0.294947,0.901620,4.552473,0.734981,30.354525,22.080000,1.000000
0.208105,0.745268,4.610559,1.386553,16.090264,22.080000,1.000000
0.315530,0.219296,7.673326,1.356076,16.451882,22.080000,1.000000
0.316348,0.589838,2.257817,1.212737,18.396405,22.080000,1.000000
0.311743,0.885058,7.818836,0.850890,26.219611,22.080000,1.000000
0.280609,0.829999,4.369245,1.008129,22.130114,22.080000,1.000000
0.291417,0.339191,7.445109,1.397119,15.968571,22.080000,1.000000
0.272782,0.472625,10.991773,0.621644,35.888716,22.080000,1.000000
0.188987,0.562873,2.430185,1.302714,17.125790,22.080000,1.000000